{"cameraMode":{"drawMode":0,"name":"Shaded","section":"Shading Mode"},"sceneLighting":false,"audioPlay":false,"sceneViewState":{"showFog":false,"showMaterialUpdate":false,"showSkybox":false,"showFlares":false,"showImageEffects":false,"showParticleSystems":true},"in2DMode":false,"pivot":{"x":130.1999969482422,"y":237.89999389648438,"z":0.0},"rotation":{"x":0.056630294770002368,"y":-0.032345425337553027,"z":-0.0018346685683354736,"w":-0.9978694915771484},"size":62.30317687988281,"orthographic":false}